UNIT,name,parent
TOTAL,Total,UNIT
NR,Number,UNIT
NR_HAB,Number per inhabitant,UNIT
THS,Thousand,UNIT
MIO,Million,UNIT
BN,Billion,UNIT
CT,Euro cent,UNIT
EUR,Euro,UNIT
THS_EUR,Thousand euro,UNIT
MIO_EUR,Million euro,UNIT
BN_EUR,Billion euro,UNIT
MEUR_KP11,Million euro (at constant 2011 prices),UNIT
MEUR_KP10,Million euro (at constant 2010 prices),UNIT
MEUR_KP05,Million euro (at constant 2005 prices),UNIT
MEUR_KP00,Million euro (at constant 2000 prices),UNIT
MEUR_KP_PRE,Million euro (at prices of the previous year),UNIT
MEUR_CLV10,"Million euro, chain-linked volumes, reference year 2010 (at 2010 exchange rates)",UNIT
MEUR_NSA,Million euro (NSA),UNIT
MIO_EUR_NSA,Million euro (NSA),UNIT
MIO_EUR_SCA,Million euro (SCA),UNIT
MIO-EUR-SA,Trade value - million of euro - seasonally and working day adjusted,UNIT
MIO-EUR-NSA,Trade value - million of euro - not seasonally adjusted,UNIT
EUR_M3_CLV10,"Euro per cubic metre (Euro: chain-linked volumes, reference year 2010, at 2010 exchange rates)",UNIT
EUR_BGDP,Euro per billion GDP,UNIT
EUR_KG,Euro per kilogram,UNIT
EUR_KGOE,Euro per kilogram of oil equivalent (KGOE),UNIT
EUR_KG_CLV15,"Euro per kilogram, chain linked volumes (2015)",UNIT
EUR_KG_CLV10,"Euro per kilogram, chain linked volumes (2010)",UNIT
EUR_T,Euro per tonne,UNIT
EUR_TOE,Euro per tonne of oil equivalent (TOE),UNIT
EUR_HA,Euro per hectare,UNIT
EUR_HM2,Euro per hundred square metres,UNIT
EUR_HD,Euro per head (animal),UNIT
EUR_HHD,Euro per hundred heads (animals),UNIT
EUR_HIVE,Euro per beehive,UNIT
EUR_HAB,Euro per inhabitant,UNIT
EUR_HAB_EU,Euro per inhabitant in percentage of the EU average,UNIT
EUR_HAB_EU27_2020,Euro per inhabitant in percentage of the EU27 (from 2020) average,UNIT
EUR_HAB_KP10,Euro per inhabitant (at constant 2010 prices),UNIT
EUR_AE,Euro per adult equivalent,UNIT
EUR_HH,Euro per household,UNIT
MEUR_HAB,Million euro per inhabitant,UNIT
ECU,European currency unit (Ecu),UNIT
NAC,National currency,UNIT
THS_NAC,Thousand units of national currency,UNIT
MIO_NAC,Million units of national currency,UNIT
BN_NAC,Billion units of national currency,UNIT
MNAC_KP10,Million units of national currency at constant 2010 prices,UNIT
MNAC_KP05,Million units of national currency at constant 2005 prices,UNIT
NAC_T,National currency per tonne,UNIT
NAC_HA,National currency per hectare,UNIT
NAC_HAB,National currency per inhabitant,UNIT
NAC_AE,National currency per adult equivalent,UNIT
NAC_HH,National currency per household,UNIT
NAT,National currency (former currencies of the euro area countries),UNIT
MIO_NAT,Million units of national currency (former currencies of the euro area countries),UNIT
PPS,Purchasing power standard (PPS),UNIT
PPS_EU27_2020,"Purchasing power standard (PPS, EU27 from 2020)",UNIT
MIO_PPS,Million purchasing power standards (PPS),UNIT
MIO_PPS_EU27_2020,"Million purchasing power standards (PPS, EU27 from 2020)",UNIT
MIO_PPS_KP05,Million purchasing power standards (PPS) at 2005 prices,UNIT
MIO_PPS_KP00,Million purchasing power standards (PPS) at 2000 prices,UNIT
PPS_BGDP,Purchasing power standard (PPS) per billion GDP,UNIT
PPS_KG,Purchasing power standard (PPS) per kilogram,UNIT
PPS_KGOE,Purchasing power standard (PPS) per kilogram of oil equivalent,UNIT
MPPS_KM2,Million purchasing power standards (PPS) per square kilometre,UNIT
PPS_M3,Purchasing power standard (PPS) per cubic metre,UNIT
PPS_HAB,Purchasing power standard (PPS) per inhabitant,UNIT
PPS_EU27_2020_HAB,"Purchasing power standard (PPS, EU27 from 2020), per inhabitant",UNIT
PPS_HAB_KP05,Purchasing power standard (PPS) per inhabitant at constant 2005 prices,UNIT
PPS_HAB_KP00,Purchasing power standard (PPS) per inhabitant at constant 2000 prices,UNIT
PPS_HAB_EU,Purchasing power standard (PPS) per inhabitant in percentage of the EU average,UNIT
PPS_HAB_EU27_2020,"Purchasing power standard (PPS, EU27 from 2020), per inhabitant in percentage of the EU27 (from 2020) average",UNIT
PPS_HAB_EU28,Purchasing power standard (PPS) per inhabitant in percentage of the EU28 (2013-2020) average,UNIT
PPS_AE,Purchasing power standard (PPS) per adult equivalent,UNIT
PPS_HH,Purchasing power standard (PPS) per household,UNIT
PPCS_HAB,Purchasing power standard based on final consumption per inhabitant,UNIT
PPCS_HAB_EU,Purchasing power consumption standards per inhabitant in percentage of the EU average,UNIT
GDP_HAB,GDP per capita,UNIT
GDP_BEUR,Nominal GDP in billion euro,UNIT
OZ,Ounce,UNIT
MCG_M3,Micrograms per cubic metre,UNIT
MG_L,Milligrams per litre,UNIT
G,Gram,UNIT
G_HAB,Grams per capita,UNIT
G_EUR_CP,"Grams per euro, current prices",UNIT
G_EUR_CLV10,"Grams per euro, chain linked volumes (2010)",UNIT
G_PKM,Grams per passenger-kilometre,UNIT
G_TKM,Grams per tonne-kilometre,UNIT
KG,Kilogram,UNIT
KG_L,Kilograms per liter,UNIT
KG_HAB,Kilograms per capita,UNIT
KG_EUR_CP,"Kilograms per euro, current prices",UNIT
KG_EUR_CLV10,"Kilograms per euro, chain linked volumes (2010)",UNIT
KG_TEUR_CLV10,"Kilograms per thousand euro, chain linked volumes (2010)",UNIT
KG_HA,Kilograms per hectare,UNIT
KGOE,Kilogram of oil equivalent (KGOE),UNIT
KGOE_HAB,Kilograms of oil equivalent (KGOE) per capita,UNIT
KGOE_TEUR,Kilograms of oil equivalent (KGOE) per thousand euro,UNIT
KGOE_TEUR_PPS,Kilograms of oil equivalent (KGOE) per thousand euro in purchasing power standards (PPS),UNIT
T,Tonne,UNIT
THS_T,Thousand tonnes,UNIT
MIO_T,Million tonnes,UNIT
TCO2E,Tonnes of CO2 equivalent,UNIT
MTCO2E,Million tonnes of CO2 equivalent,UNIT
TCO2E_HAB,Tonnes of CO2 equivalent per capita,UNIT
TOE,Tonnes of oil equivalent (TOE),UNIT
KTOE,Thousand tonnes of oil equivalent,UNIT
MTOE,Million tonnes of oil equivalent,UNIT
TOE_HAB,Tonnes of oil equivalent (TOE) per capita,UNIT
TOE_MEUR,Tonnes of oil equivalent (TOE) per million euro,UNIT
TSWU,Tonnes of separative work units,UNIT
THM,Tonnes of heavy metal,UNIT
TPW,Tonnes product weight,UNIT
TLW,Tonnes live weight,UNIT
T_HA,Tonnes per hectare,UNIT
T_HAB,Tonnes per capita,UNIT
T_KM2,Tonnes per square kilometre,UNIT
TD,Tonnes per day,UNIT
THS_TD,Thousand tonnes per day,UNIT
THS_TY,Thousand tonnes per year,UNIT
O2_TD,Tonnes of O2 per day,UNIT
GT,Gross tonnage (GT),UNIT
THS_GT,Gross tonnage (GT) in thousand,UNIT
M,Metre,UNIT
M_KM2,Metres per square kilometre,UNIT
KM,Kilometre,UNIT
MIO_GTKM,Million gross tonne-kilometres,UNIT
TKM,Tonne-kilometre (TKM),UNIT
THS_TKM,Thousand tonne-kilometre (TKM),UNIT
MIO_TKM,Million tonne-kilometre (TKM),UNIT
THS_TRKM,Thousand train-kilometres,UNIT
MIO_PKM,Millions of passenger-kilometres,UNIT
MIO_SKM,Million seat-kilometre,UNIT
VKM,Vehicle-kilometre (VKM),UNIT
THS_VKM,Thousand vehicle-kilometres (VKM),UNIT
MIO_VKM,Million vehicle-kilometres (VKM),UNIT
THS_VESKM,Thousand vessel-kilometres,UNIT
KM_THAB,Kilometres per thousand inhabitants,UNIT
KM_TKM2,Kilometres per thousand square kilometres,UNIT
M2,Square metre,UNIT
THS_M2,Thousand square metres,UNIT
MIO_M2,Million square metres,UNIT
M2_HAB,Square metres per capita,UNIT
HA,Hectare,UNIT
THS_HA,Thousand hectares,UNIT
KM2,Square kilometre,UNIT
KM2_HAB,Square kilometres per capita,UNIT
M3,Cubic metre,UNIT
THS_M3,Thousand cubic metres,UNIT
MIO_M3,Million cubic metres,UNIT
MIO_M3D,Million cubic metres per day,UNIT
M3_HAB,Cubic metres per inhabitant,UNIT
L,Litre,UNIT
THS_L,Thousand litres,UNIT
HL,Hectolitre,UNIT
THS_HL,Thousand hectolitres,UNIT
MN,Minute,UNIT
THS_MN,Thousand minutes,UNIT
HR,Hour,UNIT
THS_HR,Thousand hours,UNIT
MIO_HR,Million hours,UNIT
HW,Hours worked,UNIT
THS_HW,Thousand hours worked,UNIT
HR_SAL,Hours per employee,UNIT
DAY,Day,UNIT
MTH,Month,UNIT
YR,Year,UNIT
TIME_SP,Time spent (hh:mm),UNIT
PTP_TIME,Participation time (hh:mm),UNIT
KW,Kilowatt,UNIT
THS_KW,Thousand kilowatts,UNIT
MW,Megawatt,UNIT
GW,Gigawatt,UNIT
KWH,Kilowatt-hour,UNIT
MWH,Megawatt-hour,UNIT
GWH,Gigawatt-hour,UNIT
GWD_THM,Gigawatt-days per tonne of heavy metal,UNIT
KCAL,Kilocalorie,UNIT
KJ,Kilojoule,UNIT
KJ_M3,Kilojoule per cubic metre,UNIT
KJ_M3_GCV,Kilojoule per cubic metre (gross calorific value - GCV),UNIT
KJ_M3_NCV,Kilojoule per cubic metre (net calorific value - NCV),UNIT
MJ,Megajoule,UNIT
MJ_HAB,Megajoule per capita,UNIT
MJ_T_GCV,Megajoule per tonne (gross calorific value - GCV),UNIT
MJ_T_NCV,Megajoule per tonne (net calorific value - NCV),UNIT
GJ,Gigajoule,UNIT
GJ_GCV,Gigajoule (gross calorific value - GCV),UNIT
GJ_HAB,Gigajoule per capita,UNIT
TJ,Terajoule,UNIT
TJ_GCV,Terajoule (gross calorific value - GCV),UNIT
TJ_NCV,Terajoule (net calorific value - NCV),UNIT
TJ_HAB,Terajoule per capita,UNIT
TJ_TM3_NCV,Terajoule per thousand cubic metres (net calorific value - NCV),UNIT
DEGC,Degree Celsius,UNIT
PH,pH value,UNIT
INX,Index,UNIT
INX_Q,Quarterly index,UNIT
INX_A_AVG,Annual average index,UNIT
I2015,"Index, 2015=100",UNIT
I2010,"Index, 2010=100",UNIT
I21,"Index, 2021=100",UNIT
I20,"Index, 2020=100",UNIT
I18,"Index, 2018=100",UNIT
I16,"Index, 2016=100",UNIT
I15,"Index, 2015=100",UNIT
I13,"Index, 2013=100",UNIT
I12,"Index, 2012=100",UNIT
I10,"Index, 2010=100",UNIT
I09,"Index, 2009=100",UNIT
I08,"Index, 2008=100",UNIT
I06,"Index, 2006=100",UNIT
I05,"Index, 2005=100",UNIT
I03,"Index, 2003=100",UNIT
I01,"Index, 2001=100",UNIT
I00,"Index, 2000=100",UNIT
I99,"Index, 1999=100",UNIT
I98,"Index, 1998=100",UNIT
I96,"Index, 1996=100",UNIT
I95,"Index, 1995=100",UNIT
I91,"Index, 1991=100",UNIT
I90,"Index, 1990=100",UNIT
I10_Q,"Quarterly index, 2010=100",UNIT
I15_Q,"Quarterly index, 2015=100",UNIT
I10_A_AVG,"Annual average index, 2010=100",UNIT
I15_A_AVG,"Annual average index, 2015=100",UNIT
I_EU,"Index, EU=100",UNIT
I_LY,"Index, latest year = 100",UNIT
I_N_1,"Index, n-1 = 100",UNIT
I_1Y,"Index, t-1 = 100",UNIT
I15-17_AVG,"Index, 2015-2017 average =100",UNIT
I11-13_AVG,"Index, 2011-2013 average =100",UNIT
I15_NAC_CP,"Index, 2015=100, national currency, current prices",UNIT
I15_PER,"Index, 2015=100 (based on persons)",UNIT
I10_PER,"Index, 2010=100 (based on persons)",UNIT
I15_HW,"Index, 2015=100 (based on hours worked)",UNIT
I10_HW,"Index, 2010=100 (based on hours worked)",UNIT
I15_JOB,"Index, 2015=100 (based on jobs)",UNIT
I10_JOB,"Index, 2010=100 (based on jobs)",UNIT
SEI,Shannon evenness index,UNIT
SDI,Shannon diversity index,UNIT
I_ESD,"Index, EU effort sharing decision base year=100",UNIT
I_MED,Income index (compared to national median),UNIT
I_MEAN,Income index (compared to national mean),UNIT
HICP2015,"Harmonized consumer price index, 2015=100",UNIT
I2015_SCA,"Index, 2015=100 (SCA)",UNIT
I15_NSA,"Index, 2015=100 (NSA)",UNIT
I2015_NSA,"Index, 2015=100 (NSA)",UNIT
I2010_NSA,"Index, 2010=100 (NSA)",UNIT
KP_I15,"Constant prices, index 2015=100",UNIT
KP_I10,"Constant prices, index 2010=100",UNIT
CLV_I15,"Chain linked volumes, index 2015=100",UNIT
CLV_I10,"Chain linked volumes, index 2010=100",UNIT
CLV_I05,"Chain linked volumes, index 2005=100",UNIT
IVU-NSA,Unit value index (2015=100) - not seasonally adjusted,UNIT
IVOL-SA,Volume index (2015=100) - seasonally and working day adjusted,UNIT
IVOL-NSA,Volume index (2015=100) - not seasonally adjusted,UNIT
AVG,Average,UNIT
AVG_A,Annual average,UNIT
AVG_3Y,Three-year average,UNIT
THS_CD08,"Cumulative difference from 2008, in thousands",UNIT
MV12R,Moving 12-months average rate of change,UNIT
SUM_4Q,Sum of the last 4 quarters,UNIT
THS_T_4Q,Sum of the last 4 quarters (in thousand tonnes),UNIT
THS_TEU_4Q,Sum of the last 4 quarters (in TEUs),UNIT
RK,Rank,UNIT
RTG,Rating (0-10),UNIT
REL1,"Relative value, relating to all enterprises",UNIT
REL2,"Relative value, relating to innovating enterprises",UNIT
REL3,"Relative value, relating to product innovators",UNIT
REL4,"Relative value, relating to process innovators",UNIT
REL5,"Relative value, relating to service innovators",UNIT
REL6,"Relative value, relating to total innovation expenditure",UNIT
REL7,"Relative value, relating to innovating enterprises with innovation cooperation",UNIT
REL8,"Relative value, relating to innovating enterprises with seriously delayed projects",UNIT
REL9,"Relative value, relating to innovating enterprises with abolished projects",UNIT
REL10,"Relative value, relating to innovating enterprises with not even started projects",UNIT
REL11,"Relative value, relating to enterprises in the corresponding level of export intensity",UNIT
REL12,"Relative value, relating to enterprises in the corresponding type of firm",UNIT
CVA,Coefficient of variation for absolute value,UNIT
CV1,"Coefficient of variation for relative value, relating to all enterprises",UNIT
CV2,"Coefficient of variation for relative value, relating to innovating enterprises",UNIT
CV3,"Coefficient of variation for relative value, relating to product innovators",UNIT
CV4,"Coefficient of variation for relative value, relating to process innovators",UNIT
CV5,"Coefficient of variation for relative value, relating to service innovators",UNIT
CV6,"Coefficient of variation for relative value, relating to total innovation expenditure",UNIT
CV7,"Coefficient of variation for relative value, relating to enterprises with innovation cooperation",UNIT
CV8,"Coefficient of variation for relative value, relating to innovating enterprises with seriously delayed projects",UNIT
CV9,"Coefficient of variation for relative value, relating to innovating enterprises with abolished projects",UNIT
CV10,"Coefficient of variation for relative value, relating to innovating enterprises with not even started projects",UNIT
CV11,"Coefficient of variation for relative value, relating to enterprises in the corresponding level of export intensity",UNIT
CV12,"Coefficient of variation for relative value, relating to enterprises in the corresponding type of firm",UNIT
SGM_ESU,Standard gross margin (SGM) in economic size unit (ESU),UNIT
TEU,Twenty-foot equivalent unit (TEU),UNIT
THS_TEU,Thousand twenty-foot equivalent unit (TEU),UNIT
THS_TEUKM,Thousand TEU-kilometres,UNIT
CFU,Colony-forming unit (CFU),UNIT
AWU,Annual working unit (AWU),UNIT
THS_AWU,Thousand annual working units (AWU),UNIT
LSU,Livestock unit (LSU),UNIT
FTE,Full-time equivalent (FTE),UNIT
THS_FTE,Thousand full-time equivalents (FTE),UNIT
FTE_HTHAB,Full time equivalent per hundred thousand inhabitants,UNIT
PER,Person,UNIT
PERS,Persons,UNIT
THS_PER,Thousand persons,UNIT
MIO_PER,Million persons,UNIT
PER_KM2,Persons per square kilometre,UNIT
HAB,Inhabitant/person/capita,UNIT
HAB_P,Inhabitants per ...,UNIT
HAB_KM2,Inhabitants per square kilometre,UNIT
HAB_HC,Inhabitants per ... (head count),UNIT
HAB_FTE,Inhabitants per ... (full time equivalent),UNIT
MIO_EMP,Millions of persons employed,UNIT
MIO_SAL,Millions of employees,UNIT
THS_HH,Thousand households,UNIT
P_BERD,Per billion euro of business enterprise expenditure on R&D (BERD),UNIT
P_GERD,Per billion euro of gross domestic expenditure on R&D (GERD),UNIT
PB,Planetary Boundary,UNIT
P_HAB,Per inhabitant,UNIT
P_HHAB,Per hundred inhabitants,UNIT
P_THAB,Per thousand inhabitants,UNIT
P_HTHAB,Per hundred thousand inhabitants,UNIT
P_MHAB,Per million inhabitants,UNIT
P_MACT,Per million of population in the labour force,UNIT
P_SAL_Y,"Per employee in full-time equivalents, per year",UNIT
P_SAL_M,"Per employee in full-time equivalents, per month",UNIT
P_SAL_H,"Per employee in full-time equivalents, per hour",UNIT
P_HH,Per household,UNIT
P_KM2,Per square kilometre,UNIT
PAS,Passenger,UNIT
THS_PAS,Thousand passengers,UNIT
THS_PASF,Thousand passengers (excluding cruise passengers),UNIT
THS_PASC,Thousand cruise passengers starting and ending a cruise,UNIT
THS_PASE,Thousand cruise passengers on excursion,UNIT
HD,Head (animal),UNIT
HD_AVG,Average of heads,UNIT
THS_HD,Thousand heads (animals),UNIT
HC,Head count,UNIT
HC_HTHAB,Head count per hundred thousand inhabitants,UNIT
HLD,Holding,UNIT
MACH,Machine,UNIT
PCE,Piece,UNIT
PLC,Place,UNIT
HIVE,Beehives,UNIT
BAL,Balance,UNIT
MOVE,Movement,UNIT
FLIGHT,Flight,UNIT
THS_JOB,Thousand jobs,UNIT
THS_JRNY,Thousand journeys,UNIT
THS_BTO,Thousand basic transport operations,UNIT
SEAT,Seats and berths,UNIT
THS_SEAT,Thousand seats,UNIT
VES_MOV,Vessel movements,UNIT
NR_ENT,Number of enterprises,UNIT
TVAL_SA,Trade value in million euro (SA),UNIT
TVAL_MEUR,Trade value in million euro,UNIT
CAP_1000T_Y,Annual capacity/inputs in 1000T,UNIT
RAT,Ratio,UNIT
RT,Rate,UNIT
RT_R4Q,Rolling 4-quarter growth rate,UNIT
RT_INC,Incidence rate,UNIT
RT_SINC,Standardised incidence rate,UNIT
RT_UNE,Unemployment rate,UNIT
RT_PRE,Growth rate on previous period (t/t-1),UNIT
RT_PRE_EUR,Growth rate on previous period (t/t-1) for values in euro,UNIT
RT_PRE_NAC,Growth rate on previous period (t/t-1) for values in national currency,UNIT
RT_PRE_GT,Growth rate on previous period (t/t-1) for gross tonnage of vessels,UNIT
RT_PRE_NR,Growth rate on previous period (t/t-1) for number of vessels,UNIT
RT1,Growth rate on previous period (t/t-1),UNIT
PTP_RT,Participation rate (%),UNIT
RT12,Growth rate (t/t-12),UNIT
RT1-ABS-SA,Trade value - growth rate (m/m-1) - seasonally and working day adjusted,UNIT
RT12-ABS-NSA,Trade value - growth rate (m/m-12) - not seasonally adjusted,UNIT
RT1-IVU-NSA,Unit value index (2015=100) - growth rate (m/m-1) - not seasonally adjusted,UNIT
RT12-IVU-NSA,Unit value index (2015=100) - growth rate (m/m-12) - not seasonally adjusted,UNIT
RT1-IVOL-SA,Volume index (2015=100) - growth rate (m/m-1) - seasonally and working day adjusted,UNIT
RT12-IVOL-NSA,Volume index (2015=100) - growth rate (m/m-12) - not seasonally adjusted,UNIT
RT1-SCA,Percentage change (t/t-1) - seasonally and calendar adjusted data,UNIT
RT4-NSA,Percentage change (t/t-4) - not seasonally adjusted data,UNIT
RT12-NSA,Percentage change (t/t-12) - not seasonally adjusted data,UNIT
RT12-CA,"Percentage change (t/t-12) - calendar adjusted data, not seasonally adjusted data",UNIT
RT4,Growth rate on the same quarter in previous year,UNIT
RT_SMQ,Growth rate on the same quarter in previous year,UNIT
RT_M_DIF,Monthly rate differences between HICP and HICP at constant taxes,UNIT
RCH_M,Monthly rate of change,UNIT
RCH_Q,Quarterly rate of change,UNIT
RCH_A,Annual rate of change,UNIT
RCH_A_AVG,Annual average rate of change,UNIT
RCH_MV12MAVR,Moving 12 months average rate of change,UNIT
PC_PNT,Percentage point,UNIT
PC,Percentage,UNIT
PM,Per mille,UNIT
PC_S,Standardised percentage,UNIT
PC_Y,Percentage in the year,UNIT
PC_OECD,Percentage of OECD total,UNIT
PC_OECD_EU,Percentage of the total of OECD countries and EU Member States not in OECD,UNIT
PC_AREA,Percentage of area,UNIT
PC_UAA,Percentage of total utilised agricultural area,UNIT
PC_LSU,Percentage of total livestock units,UNIT
PC_POP,Percentage of total population,UNIT
PC_POP_NPT,Percentage of population not participating in tourism,UNIT
PC_WMN,Percentage of women,UNIT
PC_STU,Percentage of total tertiary students,UNIT
PC_FSTU,Percentage of total foreign tertiary students,UNIT
PC_Y20-29,Percentage of total population aged 20-29,UNIT
PC_Y25-29,Percentage of total population aged 25-29,UNIT
PC_Y_LT60,Percentage of total population aged less than 60,UNIT
PC_Y_LT65,Percentage of total population aged less than 65,UNIT
PC_UP95,Percentage of total population - upper boundary of the 95% confidence interval,UNIT
PC_LW95,Percentage of total population - lower boundary of the 95% confidence interval,UNIT
PC_RIMG,Percentage of total recent immigrants,UNIT
PC_EMP,Percentage of total employment,UNIT
PC_UNE,Percentage of unemployment,UNIT
PC_ACT,Percentage of population in the labour force,UNIT
PC_ACT_HC,Percentage of population in the labour force - numerator in head count (HC),UNIT
PC_ACT_FTE,Percentage of population in the labour force - numerator in full-time equivalent (FTE),UNIT
PC_INAC,Percentage of population outside the labour force,UNIT
PC_INAC_WWRK,Percentage of population outside the labour force and wanting to work,UNIT
PC_SAL,Percentage of employees,UNIT
PC_SAL_TEMP,Percentage of employees with a temporary job,UNIT
PC_EMP_HC,Percentage of total employment - numerator in head count (HC),UNIT
PC_EMP_FTE,Percentage of total employment - numerator in full-time equivalent (FTE),UNIT
PC_ELF,Percentage of extended labour force,UNIT
PC_TSCO,Percentage of total revenues from taxes and social contributions (including imputed social contributions),UNIT
PC_TSCO_X_ISCO,Percentage of total revenues from taxes and social contributions (excluding imputed social contributions),UNIT
PC_GDP,Percentage of gross domestic product (GDP),UNIT
PC_GVA,Percentage of gross value added (GVA),UNIT
PC_GNI,Percentage of gross national income (GNI),UNIT
PC_DI,Percentage of disposable income,UNIT
PC_GEXP,Percentage of government expenditure,UNIT
PC_BEN,Percentage of total benefits,UNIT
PC_EXP,Percentage of total expenditure,UNIT
PC_PEXP,Percentage of total public expenditure,UNIT
PC_REC,Percentage of total receipts,UNIT
PC_CHE,Percentual share of total current health expenditure (CHE),UNIT
PC_WRL,Percentage of world total,UNIT
PC_TAX,Percentage of total taxation,UNIT
PC_HH,Percentage of households,UNIT
PC_IND,Percentage of individuals,UNIT
PC_HC,Percentage based on head count (HC),UNIT
PC_FTE,Percentage based on full-time equivalents (FTE),UNIT
PC_GBA,Percentage of total GBAORD,UNIT
PC_DT,Distance to target in percentage,UNIT
PC_FAT,Fat content (% of product weight),UNIT
PC_PRO,Protein content (% of product weight),UNIT
PC_TOT,Percentage of total,UNIT
PC_TOT_PER,Percentage of total (based on persons),UNIT
PC_TOT_HW,Percentage of total (based on hours worked),UNIT
PC_TOT_HAB,Percentage of total (based on inhabitants),UNIT
PC_TOT_FTE,Percentage of total (based on full-time equivalents),UNIT
PC_TOT_JOB,Percentage of total (based on jobs),UNIT
PC_EU27_2020,Percentage of EU27 (from 2020) total,UNIT
PC_EU28,Percentage of EU28 (2013-2020) total,UNIT
PC_EU27_2007,Percentage of EU27 (2007-2013) total,UNIT
PC_EU25,Percentage of EU25 (2004-2006) total,UNIT
PC_EU27_2020_EUR_HAB,Percentage of EU27 (from 2020) total (based on euro per inhabitant),UNIT
PC_EU28_EUR_HAB,Percentage of EU28 (2013-2020) total (based on euro per inhabitant),UNIT
PC_EU27_2007_EUR_HAB,Percentage of EU27 (2007-2013) total (based on euro per inhabitant),UNIT
PC_EU27_2020_PPS_HAB,Percentage of EU27 (from 2020) total (based on purchasing power standards per inhabitant),UNIT
PC_EU28_PPS_HAB,Percentage of EU28 (2013-2020) total (based on purchasing power standards per inhabitant),UNIT
PC_EU27_2007_PPS_HAB,Percentage of EU27 (2007-2013) total (based on purchasing power standards per inhabitant),UNIT
PC_EU27_2020_PPS_EMP,Percentage of EU27 (from 2020) total (based on purchasing power standards per employed person),UNIT
PC_EU28_PPS_EMP,Percentage of EU28 (2013-2020) total (based on purchasing power standards per employed person),UNIT
PC_EU27_2007_PPS_EMP,Percentage of EU27 (2007-2013) total (based on purchasing power standards per employed person),UNIT
PC_EU15_PPS_EMP,Percentage of EU15 (1995-2004) total (based on purchasing power standards per employed person),UNIT
PC_EU27_2020_MEUR,Percentage of EU27 (from 2020) total (based on million euro),UNIT
PC_EU28_MEUR,Percentage of EU28 (2013-2020) total (based on million euro),UNIT
PC_EU27_2007_MEUR,Percentage of EU27 (2007-2013) total (based on million euro),UNIT
PC_EU27_2020_MPPS,Percentage of EU27 (from 2020) total (based on million purchasing power standards),UNIT
PC_EU28_MPPS,Percentage of EU28 (2013-2020) total (based on million purchasing power standards),UNIT
PC_EU27_2007_MPPS,Percentage of EU27 (2007-2013) total (based on million purchasing power standards),UNIT
PC_EU27_2020_MEUR_CP,"Percentage of EU27 (from 2020) total (based on million euro), current prices",UNIT
PC_EU28_MEUR_CP,"Percentage of EU28 (2013-2020) total (based on million euro), current prices",UNIT
PC_EU27_2020_MPPS_CP,"Percentage of EU27 (from 2020) total (based on million purchasing power standards), current prices",UNIT
PC_EU28_MPPS_CP,"Percentage of EU28 (2013-2020) total (based on million purchasing power standards), current prices",UNIT
PC_EU27_2020_HAB_MEUR_CP,"Percentage of EU27 (from 2020) total per capita (based on million euro, EU27 from 2020), current prices",UNIT
PC_EU28_HAB_MEUR_CP,"Percentage of EU28 (2013-2020) total per capita (based on million euro), current prices",UNIT
PC_EU27_2020_HAB_MPPS_CP,"Percentage of EU27 (from 2020) total per capita (based on million purchasing power standards, EU27 from 2020), current prices",UNIT
PC_EU28_HAB_MPPS_CP,"Percentage of EU28 (2013-2020) total per capita (based on million purchasing power standards), current prices",UNIT
PC_EA_MEUR,Percentage of euro area total (based on million euro),UNIT
PC_EA18_MEUR,Percentage of EA18 (2014) total (based on million euro),UNIT
PC_EA17_MEUR,Percentage of EA17 (2011-2013) total (based on million euro),UNIT
PC_EA16_MEUR,Percentage of EA16 (2009-2010) total (based on million euro),UNIT
PC_EA12_MEUR,Percentage of EA12 (2001-2006) total (based on million euro),UNIT
PC_EA18_MPPS,Percentage of EA18 (2014) total (based on million purchasing power standards),UNIT
PC_EA17_MPPS,Percentage of EA17 (2011-2013) total (based on million purchasing power standards),UNIT
PC_EA16_MPPS,Percentage of EA16 (2009-2010) total (based on million purchasing power standards),UNIT
PC_GDP_3Y,Percentage of GDP - three-year average,UNIT
PC_GDP_NSA,"Percentage of gross domestic product (GDP), (NSA)",UNIT
PC_GDP_SCA,"Percentage of gross domestic product (GDP), (SCA)",UNIT
PC_ENT,Percentage of enterprises,UNIT
PC_ENT_CC,Percentage of enterprises buying CC services,UNIT
PC_ENT_CCX,Percentage of enterprises not buying CC services,UNIT
PC_ENT_BDA,Percentage of enterprises analysing big data internally or externally,UNIT
PC_ENT_BDAAM,Percentage of enterprises analysing big data internally using any method,UNIT
PC_ENT_BD,Percentage of enterprises analysing big data,UNIT
PC_ENT_IOT1,Percentage of enterprises using Internet of Things (as of 2021),UNIT
PC_ENT_IOT,Percentage of enterprises using Internet of Things,UNIT
PC_ENT_RFID1,Percentage of enterprises using RFID (as of 2014),UNIT
PC_ENT_RFID,Percentage of the enterprises using RFID,UNIT
PC_ENT_ADS,Percentage of enterprises using internet ads,UNIT
PC_ENT_SM,Percentage of enterprises using social media,UNIT
PC_ENT_WEB,Percentage of the enterprises having a website,UNIT
PC_ENT_FIXBB,Percentage of enterprises using a fixed broadband connection,UNIT
PC_ENT_ITSPRCR2,Percentage of enterprises which recruited / tried to recruit personnel for jobs requiring ICT specialist skills (reduced comparability with 2007),UNIT
PC_ENT_SECPOL1,Percentage of enterprises with an ICT security policy (as of 2015),UNIT
PC_ENT_SECPOL2,"Percentage of enterprises with  document(s) on measures, practices or procedures on ICT security (as of 2019)",UNIT
PC_ENT_SECPOL,Percentage of enterprises with an ICT security policy,UNIT
PC_ENT_PMD1,Percentage of enterprises providing to persons employed portable devices that allow a mobile connection to the internet (as of 2016),UNIT
PC_ENT_PMD,Percentage of enterprises providing to persons employed portable devices that allow a mobile connection to the internet,UNIT
PC_ENT_AWSELL,Percentage of enterprises with web sales,UNIT
PC_ENT_AWSELLX,Percentage of enterprises without web sales,UNIT
PC_ENT_AWSEU,Percentage of enterprises with web sales to other EU countries,UNIT
PC_ENT_AWS_CMP,Percentage of enterprises with web sales via e-commerce marketplaces,UNIT
PC_ENT_AEBUY,Percentage of enterprises sending e-commerce orders over the last calendar year,UNIT
PC_ENT_AESELL,Percentage of enterprises receiving e-commerce orders over the last calendar year,UNIT
PC_TURN,Percentage of turnover,UNIT
PC_ETURN,Percentage of turnover from e-commerce,UNIT
PC_AWSVAL,Percentage of web sales,UNIT
PC_SAL_AESELL,Percentage of the employees working in enterprises which received orders via computer networks,UNIT
PC_EMP_PMD1,Percentage of persons employed working in enterprises which provide mobile devices (as of 2016),UNIT
PC_EMP_PMD,Percentage of persons employed working in enterprises which provide mobile devices,UNIT
PC_ENT_CUSE,Percentage of the enterprises which use a computer,UNIT
PC_ENT_IUSE,Percentage of enterprises where persons employed have access to the internet,UNIT
PC_ENT_IACC,Percentage of the enterprises with internet access,UNIT
PC_ENT_ECOM,Percentage of enterprises which sent/received orders via any computer networks,UNIT
PC_EMP_CUSE,Percentage of persons employed using a computer,UNIT
PC_EMP_CUSE2,Percentage of persons employed working in enterprises which use computers,UNIT
PC_EMP_IACC,Percentage of persons employed working in an enterprise with internet access,UNIT
PC_EMP_IUSE,Percentage of persons employed using a computer with access to the www,UNIT
PC_EMP_AESELL,Percentage of persons employed working in enterprises which received orders via computer networks,UNIT
PC_ENT_AI_EC,Percentage of the enterprises which ever considered to use any of the AI technologies,UNIT
PC_ENT_AI_TANY,Percentage of the enterprises using at least one AI technologies,UNIT
PC_ENT_AI_TX,Percentage of the enterprises using no AI technologies,UNIT
PC_ENT_CVD_IEM,Percentage of the enterprises which increased the percentage of persons employed having remote access to their e-mail system,UNIT
PC_ENT_CVD_IRA,Percentage of the enterprises which increased the percentage of persons employed having remote access their ICT systems other than e-mail,UNIT
PC_ENT_CVD_IRM,Percentage of the enterprises which increased the number of their remote meetings,UNIT
PC_ENT_INV3SBG,Percentage of enterprises sending invoices B2BG,UNIT
PC_ENT_ISELL,Percentage of the enterprises which sold over the internet over the last calendar year,UNIT
PC_ENT_IBUY,Percentage of enterprises which purchased over the internet over the last calendar year,UNIT
PC_ENT_PURCH,Percentage of total purchases,UNIT
PC_ENT_OBUY,Percentage of enterprises which purchased over networks other than the internet over the last calendar year,UNIT
PC_ENT_OSELL,Percentage of enterprises which sold over networks other than the internet over the last calendar year,UNIT
PC_ENT_ITSPRCR,Percentage of enterprises which recruited or tried to recruit personnel for jobs requiring ICT specialist skills,UNIT
PC_ENT_ITSPVAC2,Percentage of enterprises with hard-to-fill vacancies for jobs requiring ICT specialist skills (as of 2020),UNIT
PC_ENT_ITSPVAC,Percentage of enterprises which had hard-to-fill vacancies for jobs requiring ICT specialist skills,UNIT
PC_ENT_ITUSRCR,Percentage of enterprises which recruited or tried to recruit personnel for jobs requiring skills in the use of ICT,UNIT
PC_ENT_ADE,Percentage of enterprises using ADE,UNIT
PC_ENT_SISC,Percentage of enterprises sharing information electronically on the supply chain management,UNIT
PC_ENT_P3D,Percentage of enterprises with 3D printing,UNIT
PC_ENT_RA,Percentage of enterprises with persons employed having remote access,UNIT
PC_ENT_RM,Percentage of enterprises conducting remote meetings,UNIT
PC_ENT_RBT,Percentage of enterprises using industrial or service robots,UNIT
PC_ENT_RBTS,Percentage of enterprises using service robots,UNIT
PC_ENT_DAOWN,Percentage of enterprises which performed Data Analytics by the enterprise's own employees,UNIT
PC_HH_IACC,Percentage of households with internet access at home,UNIT
PC_IND_C3,Percentage of individuals who used a computer within the last 3 months,UNIT
PC_IND_CEVR,"Percentage of individuals who used a computer, ever",UNIT
PC_IND_ILT12,Percentage of individuals who used internet within the last year,UNIT
PC_IGRTX,Percentage of individuals who have used internet but not for sending filled forms to public authorities,UNIT
PC_IGRTX_NAPX,Percentage of individuals who have used internet but not for sending filled forms to public authorities although they had to,UNIT
PC_IND_IU3,Percentage of individuals who used internet in the last 3 months,UNIT
PC_IND_CTMT3YX,Percentage of individuals who have taken a computer course more than 3 years ago or never,UNIT
PC_IND_CIANY,Percentage of individuals who have done at least one of the listed computer or internet activities,UNIT
PC_IND_BLT12,"Percentage of individuals who ordered goods or services, over the internet, for private use, in the last year",UNIT
PC_IND_BMT12X,"Percentage of individuals who ordered goods or services, over the internet, for private use, more than a year ago or who never did",UNIT
PC_IND_CC_AW,"Percentage of individuals who used internet, were aware of cloud services but did not use them",UNIT
PC_IND_CC_CCS,Percentage of individuals who used internet and cloud services for file saving or sharing,UNIT
PC_IND_CC_CCSX,Percentage of individuals who used internet but not cloud services,UNIT
PC_IND_BUY3,Percentage of individuals who purchased online in the last 3 months,UNIT
PC_IND_BFFOR,Percentage of individuals who purchased online from sellers from other countries (EU or non-EU),UNIT
PC_IND_BHHS,Percentage of individuals who purchased online household services,UNIT
PC_IND_BPG_ANY,Percentage of individuals who purchased online physical goods,UNIT
PC_IND_BRA,Percentage of individuals who rented accommodation online from an enterprise or a private person,UNIT
PC_IND_BTPS,Percentage of individuals who purchased online transport service from a transport enterprise or a private person,UNIT
PC_IND_IOT_BDKX,Percentage of individuals who have not used any internet-connected device or systems although they knew about them,UNIT
PC_IND_IOT_DX,Percentage of individuals who have not used any internet-connected devices or systems,UNIT
PC_VAL_ISELL,Percentage of internet sales,UNIT
PC_HH_IACCX,Percentage of households without internet access at home,UNIT
PC_HH_BROADX,Percentage of households without broadband access,UNIT
PC_IND_IUEVR,"Percentage of individuals who used internet, ever",UNIT
PC_IND_SCSOFT,Percentage of individuals who used security software or tool,UNIT
PC_IND_SCUAVX,Percentage of individuals who don't update their security products,UNIT
PC_IND_SECOITPP,"Percentage of individuals who have experienced online identity theft, phishing or pharming",UNIT
PC_IND_MDW,"Percentage of individuals who, at work, use any type of computers, portable devices or computerised equipment or machinery",UNIT
PC_IND_IUMC,Percentage of individuals who have used a portable computer to access internet,UNIT
PC_IND_IUMD,Percentage of individuals who used a handheld device or portable computer to access internet,UNIT
PC_IND_IUMDX,Percentage of individuals who didn't use a handheld device or portable computer to access internet,UNIT
PC_IND_IUHD,Percentage of individuals who used a handheld device to access internet,UNIT
PC_IND_IUGOV12,Percentage of e-government users,UNIT
PC_IND_IUG_TV,Percentage of individuals who used the internet on a smart TV (directly connected to the internet),UNIT
PC_IND_IUP2P_WRK,Percentage of individuals who have obtained paid work by using an intermediary website or apps,UNIT
PC_IND_MPP1,Percentage of individuals who use a smartphone for private purposes (3 months),UNIT
PC_IND_MPP,Percentage of individuals who use a smartphone for private purposes,UNIT
PC_IND_ILT12_SSF,Percentage of employees and self-employed who used internet within the last year,UNIT
PC_IND_WH,Percentage of individuals working from home,UNIT
PC_IND_WM,Percentage of individuals working at an external site or on the move,UNIT
PC_IND_BGT3_IU3,Percentage of individuals who used internet and did not purchase online in the last 3 months,UNIT
PC_IND_TIC,Percentage of individuals who checked the truthfulness of the information or content found on the internet news sites or social media,UNIT
PC_IND_TICX,Percentage of individuals who did not check the truthfulness of the information or content found on the internet news sites or social media,UNIT
PC_IND_UDI,Percentage of individuals who saw untrue or doubtful information or content on the internet news sites or social media,UNIT
PC_EMP_PREEMP_M12,Percentage of persons employed and previously employed within 12 months,UNIT
PC_EMP_PREEMP,Percentage of persons employed and previously employed,UNIT
PC_PER_HPB,Percentage of persons reporting a health problem,UNIT
PC_PER_ACC,Percentage of persons reporting an accident,UNIT
PPCH_3Y,Percentage point change (t-(t-3)),UNIT
PPCH_PRE,"Percentage point change on previous period, contribution to GDP growth",UNIT
PPCH_SM,"Percentage point change compared to same period in previous year, contribution to GDP growth",UNIT
PCH_RV,"Percentage change, real values",UNIT
PCH_LV_M_16-19,Percentage change of the current month compared to the lowest value for the corresponding month in the period 2016-2019,UNIT
PCH_PRE,Percentage change on previous period,UNIT
PCH_SM,Percentage change compared to same period in previous year,UNIT
PCH_SM_EUR,"Percentage change compared to same period in previous year, euro",UNIT
PCH_PRE_PER,Percentage change on previous period (based on persons),UNIT
PCH_PRE_HW,Percentage change on previous period (based on hours worked),UNIT
PCH_SM_PER,Percentage change compared to same period in previous year (based on persons),UNIT
PCH_SM_HW,Percentage change compared to same period in previous year (based on hours worked),UNIT
PCH_SM_JOB,Percentage change compared to same period in previous year (based on jobs),UNIT
PCH_SM_FTE,Percentage change compared to same period in previous year (based on full-time equivalents),UNIT
PCH_SM_2Y,Percentage change compared to same period two years ago,UNIT
PCH_SM_19,Percentage change compared to same month in 2019,UNIT
PCH_PRE_NAC_CP,"Percentage change on previous period, national currency, current prices",UNIT
PCH_PRE_CPI05_EUR,"Price index - percentage change on previous period, based on 2005=100 and the euro",UNIT
PCH_PRE_CPI00_EUR,"Price index - percentage change on previous period, based on 2000=100 and the euro",UNIT
PCH_PRE_CPI05_NAC,"Price index - percentage change on previous period, based on 2005=100 and national currency",UNIT
PCH_PRE_CPI00_NAC,"Price index - percentage change on previous period, based on 2000=100 and national currency",UNIT
PCH_5Y_CPI15_NAC,"Price index - percentage change (t/t-5), based on 2015=100 and national currency",UNIT
PCH_5Y_CPI10_NAC,"Price index - percentage change (t/t-5), based on 2010=100 and national currency",UNIT
PCH_5Y_CPI05_NAC,"Price index - percentage change (t/t-5), based on 2005=100 and national currency",UNIT
PCH_PRE_EUR,"Percentage change on previous period, euro",UNIT
PCH_PRE_HAB,Percentage change on previous period (based on inhabitants),UNIT
PCH_PRE_FTE,Percentage change on previous period (based on full-time equivalents),UNIT
PCH_PRE_JOB,Percentage change on previous period (based on jobs),UNIT
PCH_PRE_PERS_SCA,"Percentage change on previous period (based on persons, SCA)",UNIT
PCH_SAME_PERS_NSA,"Percentage change compared to same period in previous year (based on persons, NSA)",UNIT
PCH_SM_PER_NSA,"Percentage change compared to same period in previous year (based on persons, NSA)",UNIT
PCH_SM_PER_SCA,"Percentage change compared to same period in previous year (based on persons, SCA)",UNIT
PCH_M1,Percentage change m/m-1,UNIT
PCH_M1_NSA,Percentage change m/m-1 (NSA),UNIT
PCH_M1_SA,Percentage change m/m-1 (SA),UNIT
PCH_M1_SCA,Percentage change m/m-1 (SCA),UNIT
PCH_Q1_NSA,Percentage change q/q-1 (NSA),UNIT
PCH_Q1_SCA,Percentage change q/q-1 (SCA),UNIT
PCH_Q4_NSA,Percentage change q/q-4 (NSA),UNIT
PCH_Q4_SCA,Percentage change q/q-4 (SCA),UNIT
PCH_Q4_CA,Percentage change q/q-4 (CA),UNIT
PCH_M12,Percentage change m/m-12,UNIT
PCH_M12_NSA,Percentage change m/m-12 (NSA),UNIT
PCH_M12_CA,Percentage change m/m-12 (CA),UNIT
PCH_MV12,Percentage change - 12-months average,UNIT
PCH_M24,Percentage change m/m-24,UNIT
PCH_1Y,Percentage change (t/t-1),UNIT
PCH_3Y,Percentage change (t/t-3),UNIT
PCH_5Y,Percentage change (t/t-5),UNIT
PCH_10Y,Percentage change (t/t-10),UNIT
PCH_WRL_1Y,Percentage of world total - 1-year change,UNIT
PCH_WRL_5Y,Percentage of world total - 5-year change,UNIT
PCH_OECD_5Y,Percentage of OECD total - 5-year change,UNIT
PCH_OECD_EU_5Y,Percentage of the total of OECD countries and EU Member States not in OECD - 5-year change,UNIT
CP_MEUR,"Current prices, million euro",UNIT
CP_MNAC,"Current prices, million units of national currency",UNIT
CP_MPPS,"Current prices, million purchasing power standards",UNIT
CP_MPPS_EU27_2020,"Current prices, million purchasing power standards (PPS, EU27 from 2020)",UNIT
CP_MUSD,"Current prices, million US dollars",UNIT
CP_EUR_HAB,"Current prices, euro per capita",UNIT
CP_NAC_HAB,"Current prices, units of national currency per capita",UNIT
CP_PPS_HAB,"Current prices, purchasing power standard per capita",UNIT
CP_PPS_EU27_2020_HAB,"Current prices, purchasing power standard (PPS, EU27 from 2020) per capita",UNIT
CLV15_MEUR,"Chain linked volumes (2015), million euro",UNIT
CLV10_MEUR,"Chain linked volumes (2010), million euro",UNIT
CLV05_MEUR,"Chain linked volumes (2005), million euro",UNIT
CLV15_MNAC,"Chain linked volumes (2015), million units of national currency",UNIT
CLV10_MNAC,"Chain linked volumes (2010), million units of national currency",UNIT
CLV05_MNAC,"Chain linked volumes (2005), million units of national currency",UNIT
CLV_I15_HAB,"Chain linked volumes, Index 2015=100, per capita",UNIT
CLV_I10_HAB,"Chain linked volumes, Index 2010=100, per capita",UNIT
CLV15_EUR_HAB,"Chain linked volumes (2015), euro per capita",UNIT
CLV10_EUR_HAB,"Chain linked volumes (2010), euro per capita",UNIT
CLV10_EUR_AWU,"Chain linked volumes (2010), euro per annual work unit (AWU)",UNIT
CLV_PY_MEUR,"Chain linked volumes, previous year, million euro",UNIT
CLV_PY_MNAC,"Chain linked volumes, previous year, million units of national currency",UNIT
CLV_PCH_PRE,"Chain linked volumes, percentage change on previous period",UNIT
CLV_PCH_SM,"Chain linked volumes, percentage change compared to same period in previous year",UNIT
CLV_PCH_ANN,"Chain linked volumes, annualized percentage change on previous period",UNIT
CLV_PCH_PRE_HAB,"Chain linked volumes, percentage change on previous period, per capita",UNIT
CLV_PCH_SM_HAB,"Chain linked volumes, percentage change compared to same period in previous year, per capita",UNIT
PYP_MEUR,"Previous year prices, million euro",UNIT
PYP_MNAC,"Previous year prices, million units of national currency",UNIT
PYP_MUSD,"Previous year prices, million US dollars",UNIT
KP_PCH_PRE,"Constant prices, percentage change on previous period",UNIT
KP_PCH_SM,"Constant prices, percentage change compared to same period in previous year",UNIT
CON_PPCH_PRE,"Contribution to GDP growth, percentage point change on previous period",UNIT
CON_PPCH_SM,"Contribution to GDP growth, percentage point change compared to same period in previous year",UNIT
PD15_EUR,"Price index (implicit deflator), 2015=100, euro",UNIT
PD10_EUR,"Price index (implicit deflator), 2010=100, euro",UNIT
PD05_EUR,"Price index (implicit deflator), 2005=100, euro",UNIT
PD15_NAC,"Price index (implicit deflator), 2015=100, national currency",UNIT
PD10_NAC,"Price index (implicit deflator), 2010=100, national currency",UNIT
PD05_NAC,"Price index (implicit deflator), 2005=100, national currency",UNIT
PD_PCH_PRE_EUR,"Price index (implicit deflator), percentage change on previous period, euro",UNIT
PD_PCH_PRE_NAC,"Price index (implicit deflator), percentage change on previous period, national currency",UNIT
PD_PCH_SM_EUR,"Price index (implicit deflator), percentage change compared to same period in previous year, euro",UNIT
PD_PCH_SM_NAC,"Price index (implicit deflator), percentage change compared to same period in previous year, national currency",UNIT
CRC_MEUR,"Current replacement costs, million euro",UNIT
CRC_MNAC,"Current replacement costs, million units of national currency",UNIT
PYR_MEUR,"Previous year replacement costs, million euro",UNIT
PYR_MNAC,"Previous year replacement costs, million units of national currency",UNIT
